drops	av. [au]	std [au]
6	0.0335020933333333	0.00435894925505371
5	0.01538083	0.00266555913003257
4	0.0244036533333333	0.0110107703740716
3	0.00957324333333333	0.00739525579075081
2	0.00772892	0.00285785709670725
1	0.000964186666666667	0.000992541191353454